name,age,city
Doe,-1.2977713690461,chico
Jane,1.135549947915338,lot angels
John,0.16222142113076282,New York
