age,name_Doe,name_Jane,name_John,city_New York,city_chico,city_lot angels
-1.2977713690461,0.0,0.0,1.0,1.0,0.0,0.0
1.135549947915338,0.0,1.0,0.0,0.0,0.0,1.0
0.16222142113076282,1.0,0.0,0.0,0.0,1.0,0.0
